Sequencer,Primer_set,Direction,Treatment,Ion_linker,Barcode,Spacer,Primer_sequence
PGM,V45,Forward,"Mock DNA",CCATCTCATCCCTGCGTGTCTCCGACTCAG,TCCCTTGTCTCC,GT,GTGCCAGCMGCCGCGGTAA
PGM,V45,Forward,"PBS Qiagen",CCATCTCATCCCTGCGTGTCTCCGACTCAG,ACGAGACTGATT,GT,GTGCCAGCMGCCGCGGTAA
PGM,V45,Forward,"PBS RBB",CCATCTCATCCCTGCGTGTCTCCGACTCAG,GCTGTACGGATT,GT,GTGCCAGCMGCCGCGGTAA
PGM,V45,Forward,"Glycerol Qiagen",CCATCTCATCCCTGCGTGTCTCCGACTCAG,ATCACCAGGTGT,GT,GTGCCAGCMGCCGCGGTAA
PGM,V45,Forward,"Glycerol RBB",CCATCTCATCCCTGCGTGTCTCCGACTCAG,TGGTCAACGATA,GT,GTGCCAGCMGCCGCGGTAA
PGM,V45,Reverse,,CCTCTCTATGGGCAGTCGGTGAT,,CC,CCGTCAATTYYTTTRAGTTT
PGM,V12,Forward,"Mock DNA",CCATCTCATCCCTGCGTGTCTCCGACTCAG,TGCATACACTGG,GT,AGAGTTTGATCCTGGCTCAG
PGM,V12,Forward,"PBS Qiagen",CCATCTCATCCCTGCGTGTCTCCGACTCAG,AGTCGAACGAGG,GT,AGAGTTTGATCCTGGCTCAG
PGM,V12,Forward,"PBS RBB",CCATCTCATCCCTGCGTGTCTCCGACTCAG,ACCAGTGACTCA,GT,AGAGTTTGATCCTGGCTCAG
PGM,V12,Forward,"Glycerol Qiagen",CCATCTCATCCCTGCGTGTCTCCGACTCAG,GAATACCAAGTC,GT,AGAGTTTGATCCTGGCTCAG
PGM,V12,Forward,"Glycerol RBB",CCATCTCATCCCTGCGTGTCTCCGACTCAG,GTAGATCGTGTA,GT,AGAGTTTGATCCTGGCTCAG
PGM,V12,Reverse,,CCTCTCTATGGGCAGTCGGTGAT,,CC,TGCTGCCTCCCGTAGGAGT
PGM,V12d,Forward,"Mock DNA",CCATCTCATCCCTGCGTGTCTCCGACTCAG,GCGATATATCGC,GT,AGMGTTYGATYMTGGCTCAG
PGM,V12d,Forward,"PBS Qiagen",CCATCTCATCCCTGCGTGTCTCCGACTCAG,CGAGCAATCCTA,GT,AGMGTTYGATYMTGGCTCAG
PGM,V12d,Forward,"PBS RBB",CCATCTCATCCCTGCGTGTCTCCGACTCAG,AGTCGTGCACAT,GT,AGMGTTYGATYMTGGCTCAG
PGM,V12d,Forward,"Glycerol Qiagen",CCATCTCATCCCTGCGTGTCTCCGACTCAG,GTATCTGCGCGT,GT,AGMGTTYGATYMTGGCTCAG
PGM,V12d,Forward,"Glycerol RBB",CCATCTCATCCCTGCGTGTCTCCGACTCAG,CGAGGGAAAGTC,GT,AGMGTTYGATYMTGGCTCAG
PGM,V12d,Reverse,,CCTCTCTATGGGCAGTCGGTGAT,,CC,TGCTGCCTCCCGTAGGAGT
