Sample,Type,Contains,Num_species,Plate,BarcodeID,Barcode,Collection_date,AvgSpotLen,BioSample,Experiment,MBases,MBytes,Run,SRA_Sample,Description
TRUTH1_1_A-1,Cells,L. crispatus P. bivia S. agalactiae,3,1,1,GAAGCTC,2012-07-18,545,SAMN03201719,SRX766528,14,30,SRR1660834,SRS750662,"Sequencing results for a mock community created by mixing equal amounts of Cells of {L. crispatus P. bivia S. agalactiae } with barcode ID: 1, barcode: GAAGCTC, on plate: 1"
TRUTH1_2_A-2,Cells,L. crispatus G. vaginalis A. vaginae,3,1,2,TCGCCTCT,2012-07-18,539,SAMN03201720,SRX766529,16,35,SRR1660835,SRS750663,"Sequencing results for a mock community created by mixing equal amounts of Cells of {L. crispatus G. vaginalis A. vaginae } with barcode ID: 2, barcode: TCGCCTCT, on plate: 1"
TRUTH1_3_A-3,Cells,G. vaginalis A. vaginae P. bivia,3,1,3,TCCTCAGT,2012-07-18,552,SAMN03201721,SRX766530,12,25,SRR1660836,SRS750664,"Sequencing results for a mock community created by mixing equal amounts of Cells of {G. vaginalis A. vaginae P. bivia } with barcode ID: 3, barcode: TCCTCAGT, on plate: 1"
TRUTH1_4_A-4,Cells,L. crispatus A. vaginae S. agalactiae,3,1,4,CTATATGC,2012-07-18,541,SAMN03201722,SRX766531,12,26,SRR1660837,SRS750665,"Sequencing results for a mock community created by mixing equal amounts of Cells of {L. crispatus A. vaginae S. agalactiae } with barcode ID: 4, barcode: CTATATGC, on plate: 1"
TRUTH1_5_A-5,Cells,G. vaginalis P. bivia,2,1,5,AGGCACAC,2012-07-18,551,SAMN03201723,SRX766532,9,19,SRR1660838,SRS750666,"Sequencing results for a mock community created by mixing equal amounts of Cells of {G. vaginalis P. bivia } with barcode ID: 5, barcode: AGGCACAC, on plate: 1"
TRUTH1_6_A-6,Cells,L. iners A. vaginae P. bivia,3,1,6,GATCAGGA,2012-07-18,539,SAMN03201724,SRX766533,8,19,SRR1660839,SRS750667,"Sequencing results for a mock community created by mixing equal amounts of Cells of {L. iners A. vaginae P. bivia } with barcode ID: 6, barcode: GATCAGGA, on plate: 1"
TRUTH1_7_A-7,Cells,A. vaginae S. agalactiae,2,1,7,ACTATGCTT,2012-07-18,547,SAMN03201725,SRX766534,8,19,SRR1660840,SRS750668,"Sequencing results for a mock community created by mixing equal amounts of Cells of {A. vaginae S. agalactiae } with barcode ID: 7, barcode: ACTATGCTT, on plate: 1"
TRUTH1_8_A-8,Cells,G. vaginalis S. agalactiae,2,1,8,CGCGGCGTA,2012-07-18,539,SAMN03201726,SRX766535,4,10,SRR1660841,SRS750669,"Sequencing results for a mock community created by mixing equal amounts of Cells of {G. vaginalis S. agalactiae } with barcode ID: 8, barcode: CGCGGCGTA, on plate: 1"
TRUTH1_9_A-9,Cells,A. vaginae S. amnii S. agalactiae,3,1,9,CTGACATGT,2012-07-18,557,SAMN03201727,SRX766536,11,25,SRR1660842,SRS750670,"Sequencing results for a mock community created by mixing equal amounts of Cells of {A. vaginae S. amnii S. agalactiae } with barcode ID: 9, barcode: CTGACATGT, on plate: 1"
TRUTH1_10_A-10,Cells,L. crispatus A. vaginae S. amnii,3,1,10,GCGTCGCGG,2012-07-18,549,SAMN03201728,SRX766537,16,35,SRR1660843,SRS750671,"Sequencing results for a mock community created by mixing equal amounts of Cells of {L. crispatus A. vaginae S. amnii } with barcode ID: 10, barcode: GCGTCGCGG, on plate: 1"
TRUTH1_11_A-11,Cells,L. crispatus L. iners G. vaginalis,3,1,11,TCATTG,2012-07-18,535,SAMN03201729,SRX766538,7,15,SRR1660844,SRS750672,"Sequencing results for a mock community created by mixing equal amounts of Cells of {L. crispatus L. iners G. vaginalis } with barcode ID: 11, barcode: TCATTG, on plate: 1"
TRUTH1_12_A-12,Cells,A. vaginae P. bivia,2,1,12,GTGTTCGAT,2012-07-18,553,SAMN03201730,SRX766539,13,29,SRR1660845,SRS750673,"Sequencing results for a mock community created by mixing equal amounts of Cells of {A. vaginae P. bivia } with barcode ID: 12, barcode: GTGTTCGAT, on plate: 1"
TRUTH1_13_A-13,Cells,L. crispatus P. bivia S. amnii,3,1,13,ACGAGC,2012-07-18,548,SAMN03201731,SRX766540,9,20,SRR1660846,SRS750674,"Sequencing results for a mock community created by mixing equal amounts of Cells of {L. crispatus P. bivia S. amnii } with barcode ID: 13, barcode: ACGAGC, on plate: 1"
TRUTH1_14_A-14,Cells,L. crispatus S. agalactiae,2,1,14,ATCATC,2012-07-18,538,SAMN03201732,SRX766541,9,20,SRR1660847,SRS750675,"Sequencing results for a mock community created by mixing equal amounts of Cells of {L. crispatus S. agalactiae } with barcode ID: 14, barcode: ATCATC, on plate: 1"
TRUTH1_15_A-15,Cells,L. iners A. vaginae S. agalactiae,3,1,15,TATGAC,2012-07-18,530,SAMN03201733,SRX766542,5,11,SRR1660848,SRS750676,"Sequencing results for a mock community created by mixing equal amounts of Cells of {L. iners A. vaginae S. agalactiae } with barcode ID: 15, barcode: TATGAC, on plate: 1"
TRUTH1_16_A-16,Cells,L. iners S. amnii,2,1,16,GAATAC,2012-07-18,541,SAMN03201734,SRX766543,6,14,SRR1660849,SRS750677,"Sequencing results for a mock community created by mixing equal amounts of Cells of {L. iners S. amnii } with barcode ID: 16, barcode: GAATAC, on plate: 1"
TRUTH1_17_A-17,Cells,S. agalactiae,1,1,17,AGTCGT,2012-07-18,554,SAMN03201735,SRX766544,32,68,SRR1660850,SRS750678,"Sequencing results for a mock community created by mixing equal amounts of Cells of {S. agalactiae } with barcode ID: 17, barcode: AGTCGT, on plate: 1"
TRUTH1_18_A-18,Cells,L. crispatus G. vaginalis,2,1,18,TAGTTAG,2012-07-18,537,SAMN03201736,SRX766545,8,18,SRR1660851,SRS750679,"Sequencing results for a mock community created by mixing equal amounts of Cells of {L. crispatus G. vaginalis } with barcode ID: 18, barcode: TAGTTAG, on plate: 1"
TRUTH1_19_A-19,Cells,L. iners P. bivia S. agalactiae,3,1,19,CGGCGAG,2012-07-18,537,SAMN03201737,SRX766546,8,17,SRR1660852,SRS750680,"Sequencing results for a mock community created by mixing equal amounts of Cells of {L. iners P. bivia S. agalactiae } with barcode ID: 19, barcode: CGGCGAG, on plate: 1"
TRUTH1_20_A-20,Cells,P. bivia S. agalactiae,2,1,20,TGTAATT,2012-07-18,555,SAMN03201738,SRX766547,11,23,SRR1660853,SRS750681,"Sequencing results for a mock community created by mixing equal amounts of Cells of {P. bivia S. agalactiae } with barcode ID: 20, barcode: TGTAATT, on plate: 1"
TRUTH1_21_B-1,Cells,A. vaginae P. bivia S. agalactiae,3,1,21,AGAGTGT,2012-07-18,550,SAMN03201739,SRX766548,7,15,SRR1660854,SRS750682,"Sequencing results for a mock community created by mixing equal amounts of Cells of {A. vaginae P. bivia S. agalactiae } with barcode ID: 21, barcode: AGAGTGT, on plate: 1"
TRUTH1_22_B-2,Cells,L. iners A. vaginae S. amnii,3,1,22,CAAGAG,2012-07-18,537,SAMN03201740,SRX766549,10,23,SRR1660855,SRS750683,"Sequencing results for a mock community created by mixing equal amounts of Cells of {L. iners A. vaginae S. amnii } with barcode ID: 22, barcode: CAAGAG, on plate: 1"
TRUTH1_23_B-3,Cells,L. crispatus L. iners G. vaginalis A. vaginae P. bivia S. amnii S. agalactiae,7,1,23,CGGATGA,2012-07-18,543,SAMN03201741,SRX766550,9,19,SRR1660856,SRS750684,"Sequencing results for a mock community created by mixing equal amounts of Cells of {L. crispatus L. iners G. vaginalis A. vaginae P. bivia S. amnii S. agalactiae } with barcode ID: 23, barcode: CGGATGA, on plate: 1"
TRUTH1_24_B-4,Cells,G. vaginalis S. amnii S. agalactiae,3,1,24,ACCTACAT,2012-07-18,558,SAMN03201742,SRX766551,11,24,SRR1660857,SRS750685,"Sequencing results for a mock community created by mixing equal amounts of Cells of {G. vaginalis S. amnii S. agalactiae } with barcode ID: 24, barcode: ACCTACAT, on plate: 1"
TRUTH1_25_B-5,Cells,L. iners G. vaginalis S. agalactiae,3,1,25,CTTAGCTC,2012-07-18,531,SAMN03201743,SRX766552,14,32,SRR1660858,SRS750686,"Sequencing results for a mock community created by mixing equal amounts of Cells of {L. iners G. vaginalis S. agalactiae } with barcode ID: 25, barcode: CTTAGCTC, on plate: 1"
TRUTH1_26_B-6,Cells,G. vaginalis P. bivia S. agalactiae,3,1,26,CAATCATA,2012-07-18,555,SAMN03201744,SRX766553,8,17,SRR1660859,SRS750687,"Sequencing results for a mock community created by mixing equal amounts of Cells of {G. vaginalis P. bivia S. agalactiae } with barcode ID: 26, barcode: CAATCATA, on plate: 1"
TRUTH1_27_B-7,Cells,L. crispatus G. vaginalis P. bivia,3,1,27,AGCTGATA,2012-07-18,546,SAMN03201745,SRX766554,9,19,SRR1660860,SRS750688,"Sequencing results for a mock community created by mixing equal amounts of Cells of {L. crispatus G. vaginalis P. bivia } with barcode ID: 27, barcode: AGCTGATA, on plate: 1"
TRUTH1_28_B-8,Cells,L. crispatus,1,1,28,ACTGCTAG,2012-07-18,539,SAMN03201746,SRX766555,13,28,SRR1660861,SRS750689,"Sequencing results for a mock community created by mixing equal amounts of Cells of {L. crispatus } with barcode ID: 28, barcode: ACTGCTAG, on plate: 1"
TRUTH1_29_B-9,Cells,G. vaginalis S. amnii,2,1,29,AGACCAAGA,2012-07-18,555,SAMN03201747,SRX766556,15,32,SRR1660862,SRS750690,"Sequencing results for a mock community created by mixing equal amounts of Cells of {G. vaginalis S. amnii } with barcode ID: 29, barcode: AGACCAAGA, on plate: 1"
TRUTH1_30_B-10,Cells,L. crispatus G. vaginalis S. amnii,3,1,30,TAATGTACT,2012-07-18,552,SAMN03201748,SRX766557,11,24,SRR1660863,SRS750691,"Sequencing results for a mock community created by mixing equal amounts of Cells of {L. crispatus G. vaginalis S. amnii } with barcode ID: 30, barcode: TAATGTACT, on plate: 1"
TRUTH1_31_B-11,Cells,L. iners P. bivia,2,1,31,GTAGGCATC,2012-07-18,534,SAMN03201749,SRX766558,7,15,SRR1660864,SRS750693,"Sequencing results for a mock community created by mixing equal amounts of Cells of {L. iners P. bivia } with barcode ID: 31, barcode: GTAGGCATC, on plate: 1"
TRUTH1_32_B-12,Cells,L. crispatus A. vaginae,2,1,32,TAACTCAGG,2012-07-18,538,SAMN03201750,SRX766559,8,17,SRR1660865,SRS750692,"Sequencing results for a mock community created by mixing equal amounts of Cells of {L. crispatus A. vaginae } with barcode ID: 32, barcode: TAACTCAGG, on plate: 1"
TRUTH1_33_B-13,Cells,L. crispatus L. iners,2,1,33,ATTGGA,2012-07-18,531,SAMN03201751,SRX766560,10,22,SRR1660866,SRS750694,"Sequencing results for a mock community created by mixing equal amounts of Cells of {L. crispatus L. iners } with barcode ID: 33, barcode: ATTGGA, on plate: 1"
TRUTH1_34_B-14,Cells,A. vaginae,1,1,34,GCTCCAGCA,2012-07-18,542,SAMN03201752,SRX766561,10,22,SRR1660867,SRS750695,"Sequencing results for a mock community created by mixing equal amounts of Cells of {A. vaginae } with barcode ID: 34, barcode: GCTCCAGCA, on plate: 1"
TRUTH1_35_B-15,Cells,L. iners G. vaginalis P. bivia S. amnii,4,1,35,TCTCGC,2012-07-18,540,SAMN03201753,SRX766562,13,29,SRR1660868,SRS750696,"Sequencing results for a mock community created by mixing equal amounts of Cells of {L. iners G. vaginalis P. bivia S. amnii } with barcode ID: 35, barcode: TCTCGC, on plate: 1"
TRUTH1_36_B-16,Cells,L. iners S. amnii S. agalactiae,3,1,36,AGCAAG,2012-07-18,543,SAMN03201754,SRX766563,7,16,SRR1660869,SRS750697,"Sequencing results for a mock community created by mixing equal amounts of Cells of {L. iners S. amnii S. agalactiae } with barcode ID: 36, barcode: AGCAAG, on plate: 1"
TRUTH1_37_B-17,Cells,G. vaginalis A. vaginae S. agalactiae,3,1,37,GACGTAG,2012-07-18,545,SAMN03201755,SRX766564,7,17,SRR1660870,SRS750698,"Sequencing results for a mock community created by mixing equal amounts of Cells of {G. vaginalis A. vaginae S. agalactiae } with barcode ID: 37, barcode: GACGTAG, on plate: 1"
TRUTH1_38_B-18,Cells,P. bivia S. amnii,2,1,38,CGTCTCA,2012-07-18,556,SAMN03201756,SRX766565,11,23,SRR1660871,SRS750699,"Sequencing results for a mock community created by mixing equal amounts of Cells of {P. bivia S. amnii } with barcode ID: 38, barcode: CGTCTCA, on plate: 1"
TRUTH1_39_B-19,Cells,L. iners G. vaginalis,2,1,39,GTTACGC,2012-07-18,529,SAMN03201757,SRX766566,5,11,SRR1660872,SRS750700,"Sequencing results for a mock community created by mixing equal amounts of Cells of {L. iners G. vaginalis } with barcode ID: 39, barcode: GTTACGC, on plate: 1"
TRUTH1_40_B-20,Cells,L. crispatus S. amnii,2,1,40,GCCGGTG,2012-07-18,549,SAMN03201758,SRX766567,6,14,SRR1660873,SRS750701,"Sequencing results for a mock community created by mixing equal amounts of Cells of {L. crispatus S. amnii } with barcode ID: 40, barcode: GCCGGTG, on plate: 1"
TRUTH2_1_A-1,Cells,S. agalactiae,1,2,1,GAAGCTC,2012-07-23,554,SAMN03201759,SRX766568,15,35,SRR1660874,SRS750702,"Sequencing results for a mock community created by mixing equal amounts of Cells of {S. agalactiae } with barcode ID: 1, barcode: GAAGCTC, on plate: 2"
TRUTH2_2_A-2,Cells,L. crispatus S. amnii S. agalactiae,3,2,2,TCGCCTCT,2012-07-23,554,SAMN03201760,SRX766569,12,27,SRR1660875,SRS750703,"Sequencing results for a mock community created by mixing equal amounts of Cells of {L. crispatus S. amnii S. agalactiae } with barcode ID: 2, barcode: TCGCCTCT, on plate: 2"
TRUTH2_3_A-3,Cells,G. vaginalis S. amnii S. agalactiae,3,2,3,TCCTCAGT,2012-07-23,561,SAMN03201761,SRX766570,13,30,SRR1660876,SRS750704,"Sequencing results for a mock community created by mixing equal amounts of Cells of {G. vaginalis S. amnii S. agalactiae } with barcode ID: 3, barcode: TCCTCAGT, on plate: 2"
TRUTH2_4_A-4,Cells,A. vaginae S. amnii,2,2,4,CTATATGC,2012-07-23,558,SAMN03201762,SRX766571,14,31,SRR1660877,SRS750706,"Sequencing results for a mock community created by mixing equal amounts of Cells of {A. vaginae S. amnii } with barcode ID: 4, barcode: CTATATGC, on plate: 2"
TRUTH2_5_A-5,Cells,L. iners A. vaginae,2,2,5,AGGCACAC,2012-07-23,536,SAMN03201763,SRX766572,9,20,SRR1660878,SRS750705,"Sequencing results for a mock community created by mixing equal amounts of Cells of {L. iners A. vaginae } with barcode ID: 5, barcode: AGGCACAC, on plate: 2"
TRUTH2_6_A-6,Cells,G. vaginalis A. vaginae S. amnii,3,2,6,GATCAGGA,2012-07-23,561,SAMN03201764,SRX766573,12,28,SRR1660879,SRS750707,"Sequencing results for a mock community created by mixing equal amounts of Cells of {G. vaginalis A. vaginae S. amnii } with barcode ID: 6, barcode: GATCAGGA, on plate: 2"
TRUTH2_7_A-7,Cells,L. iners P. bivia S. agalactiae,3,2,7,ACTATGCTT,2012-07-23,542,SAMN03201765,SRX766574,11,25,SRR1660880,SRS750709,"Sequencing results for a mock community created by mixing equal amounts of Cells of {L. iners P. bivia S. agalactiae } with barcode ID: 7, barcode: ACTATGCTT, on plate: 2"
TRUTH2_8_A-8,Cells,L. iners G. vaginalis P. bivia,3,2,8,CGCGGCGTA,2012-07-23,540,SAMN03201766,SRX766575,17,39,SRR1660881,SRS750708,"Sequencing results for a mock community created by mixing equal amounts of Cells of {L. iners G. vaginalis P. bivia } with barcode ID: 8, barcode: CGCGGCGTA, on plate: 2"
TRUTH2_9_A-9,Cells,L. crispatus G. vaginalis P. bivia,3,2,9,CTGACATGT,2012-07-23,552,SAMN03201767,SRX766576,10,23,SRR1660882,SRS750710,"Sequencing results for a mock community created by mixing equal amounts of Cells of {L. crispatus G. vaginalis P. bivia } with barcode ID: 9, barcode: CTGACATGT, on plate: 2"
TRUTH2_10_A-10,Cells,S. amnii,1,2,10,GCGTCGCGG,2012-07-23,559,SAMN03201768,SRX766577,14,31,SRR1660883,SRS750711,"Sequencing results for a mock community created by mixing equal amounts of Cells of {S. amnii } with barcode ID: 10, barcode: GCGTCGCGG, on plate: 2"
TRUTH2_11_A-11,Cells,L. crispatus G. vaginalis S. agalactiae,3,2,11,TCATTG,2012-07-23,548,SAMN03201769,SRX766578,8,18,SRR1660884,SRS750712,"Sequencing results for a mock community created by mixing equal amounts of Cells of {L. crispatus G. vaginalis S. agalactiae } with barcode ID: 11, barcode: TCATTG, on plate: 2"
TRUTH2_12_A-12,Cells,G. vaginalis A. vaginae S. agalactiae,3,2,12,GTGTTCGAT,2012-07-23,550,SAMN03201770,SRX766579,12,27,SRR1660885,SRS750713,"Sequencing results for a mock community created by mixing equal amounts of Cells of {G. vaginalis A. vaginae S. agalactiae } with barcode ID: 12, barcode: GTGTTCGAT, on plate: 2"
TRUTH2_13_A-13,Cells,L. crispatus A. vaginae P. bivia,3,2,13,ACGAGC,2012-07-23,545,SAMN03201771,SRX766580,13,29,SRR1660886,SRS750720,"Sequencing results for a mock community created by mixing equal amounts of Cells of {L. crispatus A. vaginae P. bivia } with barcode ID: 13, barcode: ACGAGC, on plate: 2"
TRUTH2_14_A-14,Cells,L. crispatus L. iners G. vaginalis A. vaginae P. bivia S. amnii S. agalactiae,7,2,14,ATCATC,2012-07-23,547,SAMN03201772,SRX766581,9,22,SRR1660887,SRS750714,"Sequencing results for a mock community created by mixing equal amounts of Cells of {L. crispatus L. iners G. vaginalis A. vaginae P. bivia S. amnii S. agalactiae } with barcode ID: 14, barcode: ATCATC, on plate: 2"
TRUTH2_15_A-15,Cells,P. bivia S. amnii S. agalactiae,3,2,15,TATGAC,2012-07-23,560,SAMN03201773,SRX766582,12,27,SRR1660888,SRS750715,"Sequencing results for a mock community created by mixing equal amounts of Cells of {P. bivia S. amnii S. agalactiae } with barcode ID: 15, barcode: TATGAC, on plate: 2"
TRUTH2_16_A-16,Cells,L. crispatus L. iners S. agalactiae,3,2,16,GAATAC,2012-07-23,540,SAMN03201774,SRX766583,8,18,SRR1660889,SRS750716,"Sequencing results for a mock community created by mixing equal amounts of Cells of {L. crispatus L. iners S. agalactiae } with barcode ID: 16, barcode: GAATAC, on plate: 2"
TRUTH2_17_A-17,Cells,L. iners G. vaginalis A. vaginae,3,2,17,AGTCGT,2012-07-23,538,SAMN03201775,SRX766584,8,19,SRR1660890,SRS750717,"Sequencing results for a mock community created by mixing equal amounts of Cells of {L. iners G. vaginalis A. vaginae } with barcode ID: 17, barcode: AGTCGT, on plate: 2"
TRUTH2_18_A-18,Cells,A. vaginae,1,2,18,TAGTTAG,2012-07-23,545,SAMN03201776,SRX766585,7,16,SRR1660891,SRS750718,"Sequencing results for a mock community created by mixing equal amounts of Cells of {A. vaginae } with barcode ID: 18, barcode: TAGTTAG, on plate: 2"
TRUTH2_19_A-19,Cells,L. crispatus L. iners,2,2,19,CGGCGAG,2012-07-23,540,SAMN03201777,SRX766586,6,15,SRR1660892,SRS750719,"Sequencing results for a mock community created by mixing equal amounts of Cells of {L. crispatus L. iners } with barcode ID: 19, barcode: CGGCGAG, on plate: 2"
TRUTH2_20_A-20,Cells,L. crispatus G. vaginalis A. vaginae,3,2,20,TGTAATT,2012-07-23,547,SAMN03201778,SRX766587,9,20,SRR1660893,SRS750721,"Sequencing results for a mock community created by mixing equal amounts of Cells of {L. crispatus G. vaginalis A. vaginae } with barcode ID: 20, barcode: TGTAATT, on plate: 2"
TRUTH2_21_B-1,Cells,L. crispatus S. agalactiae,2,2,21,AGAGTGT,2012-07-23,544,SAMN03201779,SRX766588,7,16,SRR1660894,SRS750722,"Sequencing results for a mock community created by mixing equal amounts of Cells of {L. crispatus S. agalactiae } with barcode ID: 21, barcode: AGAGTGT, on plate: 2"
TRUTH2_22_B-2,Cells,P. bivia,1,2,22,CAAGAG,2012-07-23,556,SAMN03201780,SRX766589,9,22,SRR1660895,SRS750723,"Sequencing results for a mock community created by mixing equal amounts of Cells of {P. bivia } with barcode ID: 22, barcode: CAAGAG, on plate: 2"
TRUTH2_23_B-3,Cells,A. vaginae P. bivia,2,2,23,CGGATGA,2012-07-23,556,SAMN03201781,SRX766590,9,20,SRR1660896,SRS750724,"Sequencing results for a mock community created by mixing equal amounts of Cells of {A. vaginae P. bivia } with barcode ID: 23, barcode: CGGATGA, on plate: 2"
TRUTH2_24_B-4,Cells,L. iners,1,2,24,ACCTACAT,2012-07-23,536,SAMN03201782,SRX766591,8,20,SRR1660897,SRS750725,"Sequencing results for a mock community created by mixing equal amounts of Cells of {L. iners } with barcode ID: 24, barcode: ACCTACAT, on plate: 2"
TRUTH2_25_B-5,Cells,L. iners S. amnii S. agalactiae,3,2,25,CTTAGCTC,2012-07-23,548,SAMN03201783,SRX766592,16,37,SRR1660898,SRS750726,"Sequencing results for a mock community created by mixing equal amounts of Cells of {L. iners S. amnii S. agalactiae } with barcode ID: 25, barcode: CTTAGCTC, on plate: 2"
TRUTH2_26_B-6,Cells,L. crispatus L. iners P. bivia,3,2,26,CAATCATA,2012-07-23,545,SAMN03201784,SRX766593,12,27,SRR1660899,SRS750727,"Sequencing results for a mock community created by mixing equal amounts of Cells of {L. crispatus L. iners P. bivia } with barcode ID: 26, barcode: CAATCATA, on plate: 2"
TRUTH2_27_B-7,Cells,L. iners A. vaginae S. agalactiae,3,2,27,AGCTGATA,2012-07-23,539,SAMN03201785,SRX766594,4,10,SRR1660900,SRS750728,"Sequencing results for a mock community created by mixing equal amounts of Cells of {L. iners A. vaginae S. agalactiae } with barcode ID: 27, barcode: AGCTGATA, on plate: 2"
TRUTH2_28_B-8,Cells,L. crispatus P. bivia,2,2,28,ACTGCTAG,2012-07-23,551,SAMN03201786,SRX766595,11,26,SRR1660901,SRS750729,"Sequencing results for a mock community created by mixing equal amounts of Cells of {L. crispatus P. bivia } with barcode ID: 28, barcode: ACTGCTAG, on plate: 2"
TRUTH2_29_B-9,Cells,L. iners S. agalactiae,2,2,29,AGACCAAGA,2012-07-23,535,SAMN03201787,SRX766596,9,22,SRR1660902,SRS750730,"Sequencing results for a mock community created by mixing equal amounts of Cells of {L. iners S. agalactiae } with barcode ID: 29, barcode: AGACCAAGA, on plate: 2"
TRUTH2_30_B-10,Cells,L. crispatus S. amnii,2,2,30,TAATGTACT,2012-07-23,556,SAMN03201788,SRX766597,15,33,SRR1660903,SRS750731,"Sequencing results for a mock community created by mixing equal amounts of Cells of {L. crispatus S. amnii } with barcode ID: 30, barcode: TAATGTACT, on plate: 2"
TRUTH2_31_B-11,Cells,L. crispatus A. vaginae S. amnii,3,2,31,GTAGGCATC,2012-07-23,555,SAMN03201789,SRX766598,9,20,SRR1660904,SRS750732,"Sequencing results for a mock community created by mixing equal amounts of Cells of {L. crispatus A. vaginae S. amnii } with barcode ID: 31, barcode: GTAGGCATC, on plate: 2"
TRUTH2_32_B-12,Cells,L. iners P. bivia S. amnii,3,2,32,TAACTCAGG,2012-07-23,545,SAMN03201790,SRX766599,15,33,SRR1660905,SRS750733,"Sequencing results for a mock community created by mixing equal amounts of Cells of {L. iners P. bivia S. amnii } with barcode ID: 32, barcode: TAACTCAGG, on plate: 2"
TRUTH2_33_B-13,Cells,S. amnii S. agalactiae,2,2,33,ATTGGA,2012-07-23,556,SAMN03201791,SRX766600,16,36,SRR1660906,SRS750734,"Sequencing results for a mock community created by mixing equal amounts of Cells of {S. amnii S. agalactiae } with barcode ID: 33, barcode: ATTGGA, on plate: 2"
TRUTH2_34_B-14,Cells,A. vaginae P. bivia S. amnii,3,2,34,GCTCCAGCA,2012-07-23,556,SAMN03201792,SRX766601,10,24,SRR1660907,SRS750735,"Sequencing results for a mock community created by mixing equal amounts of Cells of {A. vaginae P. bivia S. amnii } with barcode ID: 34, barcode: GCTCCAGCA, on plate: 2"
TRUTH2_35_B-15,Cells,L. crispatus L. iners A. vaginae,3,2,35,TCTCGC,2012-07-23,537,SAMN03201793,SRX766602,7,16,SRR1660908,SRS750736,"Sequencing results for a mock community created by mixing equal amounts of Cells of {L. crispatus L. iners A. vaginae } with barcode ID: 35, barcode: TCTCGC, on plate: 2"
TRUTH2_36_B-16,Cells,G. vaginalis P. bivia S. amnii,3,2,36,AGCAAG,2012-07-23,559,SAMN03201794,SRX766603,8,18,SRR1660909,SRS750737,"Sequencing results for a mock community created by mixing equal amounts of Cells of {G. vaginalis P. bivia S. amnii } with barcode ID: 36, barcode: AGCAAG, on plate: 2"
TRUTH2_37_B-17,Cells,G. vaginalis,1,2,37,GACGTAG,2012-07-23,547,SAMN03201795,SRX766604,3,6,SRR1660910,SRS750738,"Sequencing results for a mock community created by mixing equal amounts of Cells of {G. vaginalis } with barcode ID: 37, barcode: GACGTAG, on plate: 2"
TRUTH2_38_B-18,Cells,L. iners G. vaginalis S. amnii,3,2,38,CGTCTCA,2012-07-23,543,SAMN03201796,SRX766605,8,18,SRR1660911,SRS750739,"Sequencing results for a mock community created by mixing equal amounts of Cells of {L. iners G. vaginalis S. amnii } with barcode ID: 38, barcode: CGTCTCA, on plate: 2"
TRUTH2_39_B-19,Cells,G. vaginalis A. vaginae,2,2,39,GTTACGC,2012-07-23,554,SAMN03201797,SRX766606,14,31,SRR1660912,SRS750740,"Sequencing results for a mock community created by mixing equal amounts of Cells of {G. vaginalis A. vaginae } with barcode ID: 39, barcode: GTTACGC, on plate: 2"
TRUTH2_40_B-20,Cells,L. crispatus L. iners S. amnii,3,2,40,GCCGGTG,2012-07-23,544,SAMN03201798,SRX766607,8,19,SRR1660913,SRS750741,"Sequencing results for a mock community created by mixing equal amounts of Cells of {L. crispatus L. iners S. amnii } with barcode ID: 40, barcode: GCCGGTG, on plate: 2"
TRUTH3_1_A-1,DNA,L. crispatus G. vaginalis,2,3,1,GAAGCTC,2012-07-24,555,SAMN03201799,SRX766608,11,25,SRR1660914,SRS750742,"Sequencing results for a mock community created by mixing equal amounts of DNA of {L. crispatus G. vaginalis } with barcode ID: 1, barcode: GAAGCTC, on plate: 3"
TRUTH3_2_A-2,DNA,A. vaginae P. bivia S. agalactiae,3,3,2,TCGCCTCT,2012-07-24,559,SAMN03201800,SRX766609,11,25,SRR1660915,SRS750743,"Sequencing results for a mock community created by mixing equal amounts of DNA of {A. vaginae P. bivia S. agalactiae } with barcode ID: 2, barcode: TCGCCTCT, on plate: 3"
TRUTH3_3_A-3,DNA,L. iners A. vaginae S. agalactiae,3,3,3,TCCTCAGT,2012-07-24,554,SAMN03201801,SRX766610,10,22,SRR1660916,SRS750744,"Sequencing results for a mock community created by mixing equal amounts of DNA of {L. iners A. vaginae S. agalactiae } with barcode ID: 3, barcode: TCCTCAGT, on plate: 3"
TRUTH3_4_A-4,DNA,A. vaginae S. agalactiae,2,3,4,CTATATGC,2012-07-24,558,SAMN03201802,SRX766611,10,24,SRR1660917,SRS750748,"Sequencing results for a mock community created by mixing equal amounts of DNA of {A. vaginae S. agalactiae } with barcode ID: 4, barcode: CTATATGC, on plate: 3"
TRUTH3_5_A-5,DNA,L. iners A. vaginae P. bivia,3,3,5,AGGCACAC,2012-07-24,548,SAMN03201803,SRX766612,9,20,SRR1660918,SRS750745,"Sequencing results for a mock community created by mixing equal amounts of DNA of {L. iners A. vaginae P. bivia } with barcode ID: 5, barcode: AGGCACAC, on plate: 3"
TRUTH3_6_A-6,DNA,L. crispatus G. vaginalis S. amnii,3,3,6,GATCAGGA,2012-07-24,564,SAMN03201804,SRX766613,13,29,SRR1660919,SRS750746,"Sequencing results for a mock community created by mixing equal amounts of DNA of {L. crispatus G. vaginalis S. amnii } with barcode ID: 6, barcode: GATCAGGA, on plate: 3"
TRUTH3_7_A-7,DNA,A. vaginae S. amnii S. agalactiae,3,3,7,ACTATGCTT,2012-07-24,562,SAMN03201805,SRX766614,13,29,SRR1660920,SRS750747,"Sequencing results for a mock community created by mixing equal amounts of DNA of {A. vaginae S. amnii S. agalactiae } with barcode ID: 7, barcode: ACTATGCTT, on plate: 3"
TRUTH3_8_A-8,DNA,L. crispatus L. iners G. vaginalis,3,3,8,CGCGGCGTA,2012-07-24,550,SAMN03201806,SRX766615,11,26,SRR1660921,SRS750749,"Sequencing results for a mock community created by mixing equal amounts of DNA of {L. crispatus L. iners G. vaginalis } with barcode ID: 8, barcode: CGCGGCGTA, on plate: 3"
TRUTH3_9_A-9,DNA,L. iners G. vaginalis S. agalactiae,3,3,9,CTGACATGT,2012-07-24,559,SAMN03201807,SRX766616,7,17,SRR1660922,SRS750750,"Sequencing results for a mock community created by mixing equal amounts of DNA of {L. iners G. vaginalis S. agalactiae } with barcode ID: 9, barcode: CTGACATGT, on plate: 3"
TRUTH3_10_A-10,DNA,L. iners S. amnii S. agalactiae,3,3,10,GCGTCGCGG,2012-07-24,558,SAMN03201808,SRX766617,10,22,SRR1660923,SRS750752,"Sequencing results for a mock community created by mixing equal amounts of DNA of {L. iners S. amnii S. agalactiae } with barcode ID: 10, barcode: GCGTCGCGG, on plate: 3"
TRUTH3_11_A-11,DNA,P. bivia S. amnii,2,3,11,TCATTG,2012-07-24,564,SAMN03201809,SRX766618,11,25,SRR1660924,SRS750751,"Sequencing results for a mock community created by mixing equal amounts of DNA of {P. bivia S. amnii } with barcode ID: 11, barcode: TCATTG, on plate: 3"
TRUTH3_12_A-12,DNA,L. iners G. vaginalis P. bivia S. amnii,4,3,12,GTGTTCGAT,2012-07-24,556,SAMN03201810,SRX766619,9,21,SRR1660925,SRS750754,"Sequencing results for a mock community created by mixing equal amounts of DNA of {L. iners G. vaginalis P. bivia S. amnii } with barcode ID: 12, barcode: GTGTTCGAT, on plate: 3"
TRUTH3_13_A-13,DNA,L. crispatus S. agalactiae,2,3,13,ACGAGC,2012-07-24,559,SAMN03201811,SRX766620,11,25,SRR1660926,SRS750753,"Sequencing results for a mock community created by mixing equal amounts of DNA of {L. crispatus S. agalactiae } with barcode ID: 13, barcode: ACGAGC, on plate: 3"
TRUTH3_14_A-14,DNA,L. iners S. amnii,2,3,14,ATCATC,2012-07-24,547,SAMN03201812,SRX766621,11,26,SRR1660927,SRS750756,"Sequencing results for a mock community created by mixing equal amounts of DNA of {L. iners S. amnii } with barcode ID: 14, barcode: ATCATC, on plate: 3"
TRUTH3_15_A-15,DNA,L. iners P. bivia,2,3,15,TATGAC,2012-07-24,545,SAMN03201813,SRX766622,12,27,SRR1660928,SRS750755,"Sequencing results for a mock community created by mixing equal amounts of DNA of {L. iners P. bivia } with barcode ID: 15, barcode: TATGAC, on plate: 3"
TRUTH3_16_A-16,DNA,L. crispatus A. vaginae S. agalactiae,3,3,16,GAATAC,2012-07-24,559,SAMN03201814,SRX766623,7,17,SRR1660929,SRS750757,"Sequencing results for a mock community created by mixing equal amounts of DNA of {L. crispatus A. vaginae S. agalactiae } with barcode ID: 16, barcode: GAATAC, on plate: 3"
TRUTH3_17_A-17,DNA,L. crispatus P. bivia S. amnii,3,3,17,AGTCGT,2012-07-24,564,SAMN03201815,SRX766624,9,22,SRR1660930,SRS750758,"Sequencing results for a mock community created by mixing equal amounts of DNA of {L. crispatus P. bivia S. amnii } with barcode ID: 17, barcode: AGTCGT, on plate: 3"
TRUTH3_18_A-18,DNA,L. crispatus G. vaginalis A. vaginae,3,3,18,TAGTTAG,2012-07-24,553,SAMN03201816,SRX766625,7,16,SRR1660931,SRS750759,"Sequencing results for a mock community created by mixing equal amounts of DNA of {L. crispatus G. vaginalis A. vaginae } with barcode ID: 18, barcode: TAGTTAG, on plate: 3"
TRUTH3_19_A-19,DNA,L. crispatus A. vaginae,2,3,19,CGGCGAG,2012-07-24,554,SAMN03201817,SRX766626,7,18,SRR1660932,SRS750760,"Sequencing results for a mock community created by mixing equal amounts of DNA of {L. crispatus A. vaginae } with barcode ID: 19, barcode: CGGCGAG, on plate: 3"
TRUTH3_20_A-20,DNA,G. vaginalis P. bivia,2,3,20,TGTAATT,2012-07-24,565,SAMN03201818,SRX766627,7,15,SRR1660933,SRS750762,"Sequencing results for a mock community created by mixing equal amounts of DNA of {G. vaginalis P. bivia } with barcode ID: 20, barcode: TGTAATT, on plate: 3"
TRUTH3_21_B-1,DNA,P. bivia S. agalactiae,2,3,21,AGAGTGT,2012-07-24,563,SAMN03201819,SRX766628,11,24,SRR1660934,SRS750761,"Sequencing results for a mock community created by mixing equal amounts of DNA of {P. bivia S. agalactiae } with barcode ID: 21, barcode: AGAGTGT, on plate: 3"
TRUTH3_22_B-2,DNA,G. vaginalis S. agalactiae,2,3,22,CAAGAG,2012-07-24,557,SAMN03201820,SRX766629,14,32,SRR1660935,SRS750763,"Sequencing results for a mock community created by mixing equal amounts of DNA of {G. vaginalis S. agalactiae } with barcode ID: 22, barcode: CAAGAG, on plate: 3"
TRUTH3_23_B-3,DNA,G. vaginalis A. vaginae P. bivia,3,3,23,CGGATGA,2012-07-24,557,SAMN03201821,SRX766630,13,31,SRR1660936,SRS750764,"Sequencing results for a mock community created by mixing equal amounts of DNA of {G. vaginalis A. vaginae P. bivia } with barcode ID: 23, barcode: CGGATGA, on plate: 3"
TRUTH3_24_B-4,DNA,L. crispatus A. vaginae S. amnii,3,3,24,ACCTACAT,2012-07-24,561,SAMN03201822,SRX766631,12,28,SRR1660937,SRS750765,"Sequencing results for a mock community created by mixing equal amounts of DNA of {L. crispatus A. vaginae S. amnii } with barcode ID: 24, barcode: ACCTACAT, on plate: 3"
TRUTH3_25_B-5,DNA,L. crispatus G. vaginalis P. bivia,3,3,25,CTTAGCTC,2012-07-24,559,SAMN03201823,SRX766632,9,20,SRR1660938,SRS750767,"Sequencing results for a mock community created by mixing equal amounts of DNA of {L. crispatus G. vaginalis P. bivia } with barcode ID: 25, barcode: CTTAGCTC, on plate: 3"
TRUTH3_26_B-6,DNA,L. crispatus P. bivia S. agalactiae,3,3,26,CAATCATA,2012-07-24,566,SAMN03201824,SRX766633,7,17,SRR1660939,SRS750766,"Sequencing results for a mock community created by mixing equal amounts of DNA of {L. crispatus P. bivia S. agalactiae } with barcode ID: 26, barcode: CAATCATA, on plate: 3"
TRUTH3_27_B-7,DNA,L. crispatus L. iners,2,3,27,AGCTGATA,2012-07-24,550,SAMN03201825,SRX766634,7,17,SRR1660940,SRS750768,"Sequencing results for a mock community created by mixing equal amounts of DNA of {L. crispatus L. iners } with barcode ID: 27, barcode: AGCTGATA, on plate: 3"
TRUTH3_28_B-8,DNA,L. crispatus S. amnii,2,3,28,ACTGCTAG,2012-07-24,562,SAMN03201826,SRX766635,9,21,SRR1660941,SRS750769,"Sequencing results for a mock community created by mixing equal amounts of DNA of {L. crispatus S. amnii } with barcode ID: 28, barcode: ACTGCTAG, on plate: 3"
TRUTH3_29_B-9,DNA,G. vaginalis P. bivia S. agalactiae,3,3,29,AGACCAAGA,2012-07-24,563,SAMN03201827,SRX766636,11,26,SRR1660942,SRS750771,"Sequencing results for a mock community created by mixing equal amounts of DNA of {G. vaginalis P. bivia S. agalactiae } with barcode ID: 29, barcode: AGACCAAGA, on plate: 3"
TRUTH3_30_B-10,DNA,L. iners G. vaginalis,2,3,30,TAATGTACT,2012-07-24,543,SAMN03201828,SRX766637,11,25,SRR1660943,SRS750770,"Sequencing results for a mock community created by mixing equal amounts of DNA of {L. iners G. vaginalis } with barcode ID: 30, barcode: TAATGTACT, on plate: 3"
TRUTH3_31_B-11,DNA,G. vaginalis S. amnii,2,3,31,GTAGGCATC,2012-07-24,564,SAMN03201829,SRX766638,11,26,SRR1660944,SRS750772,"Sequencing results for a mock community created by mixing equal amounts of DNA of {G. vaginalis S. amnii } with barcode ID: 31, barcode: GTAGGCATC, on plate: 3"
TRUTH3_32_B-12,DNA,L. crispatus L. iners G. vaginalis A. vaginae P. bivia S. amnii S. agalactiae,7,3,32,TAACTCAGG,2012-07-24,556,SAMN03201830,SRX766639,9,21,SRR1660945,SRS750774,"Sequencing results for a mock community created by mixing equal amounts of DNA of {L. crispatus L. iners G. vaginalis A. vaginae P. bivia S. amnii S. agalactiae } with barcode ID: 32, barcode: TAACTCAGG, on plate: 3"
TRUTH3_33_B-13,DNA,G. vaginalis A. vaginae S. agalactiae,3,3,33,ATTGGA,2012-07-24,558,SAMN03201831,SRX766640,9,21,SRR1660946,SRS750773,"Sequencing results for a mock community created by mixing equal amounts of DNA of {G. vaginalis A. vaginae S. agalactiae } with barcode ID: 33, barcode: ATTGGA, on plate: 3"
TRUTH3_34_B-14,DNA,A. vaginae,1,3,34,GCTCCAGCA,2012-07-24,550,SAMN03201832,SRX766641,7,16,SRR1660947,SRS750775,"Sequencing results for a mock community created by mixing equal amounts of DNA of {A. vaginae } with barcode ID: 34, barcode: GCTCCAGCA, on plate: 3"
TRUTH3_35_B-15,DNA,S. agalactiae,1,3,35,TCTCGC,2012-07-24,558,SAMN03201833,SRX766642,10,23,SRR1660948,SRS750776,"Sequencing results for a mock community created by mixing equal amounts of DNA of {S. agalactiae } with barcode ID: 35, barcode: TCTCGC, on plate: 3"
TRUTH3_36_B-16,DNA,L. iners P. bivia S. agalactiae,3,3,36,AGCAAG,2012-07-24,556,SAMN03201834,SRX766643,8,19,SRR1660949,SRS750779,"Sequencing results for a mock community created by mixing equal amounts of DNA of {L. iners P. bivia S. agalactiae } with barcode ID: 36, barcode: AGCAAG, on plate: 3"
TRUTH3_37_B-17,DNA,A. vaginae P. bivia,2,3,37,GACGTAG,2012-07-24,557,SAMN03201835,SRX766644,10,22,SRR1660950,SRS750778,"Sequencing results for a mock community created by mixing equal amounts of DNA of {A. vaginae P. bivia } with barcode ID: 37, barcode: GACGTAG, on plate: 3"
TRUTH3_38_B-18,DNA,G. vaginalis S. amnii S. agalactiae,3,3,38,CGTCTCA,2012-07-24,563,SAMN03201836,SRX766645,11,25,SRR1660951,SRS750777,"Sequencing results for a mock community created by mixing equal amounts of DNA of {G. vaginalis S. amnii S. agalactiae } with barcode ID: 38, barcode: CGTCTCA, on plate: 3"
TRUTH3_39_B-19,DNA,L. crispatus,1,3,39,GTTACGC,2012-07-24,554,SAMN03201837,SRX766646,9,21,SRR1660952,SRS750780,"Sequencing results for a mock community created by mixing equal amounts of DNA of {L. crispatus } with barcode ID: 39, barcode: GTTACGC, on plate: 3"
TRUTH3_40_B-20,DNA,L. iners A. vaginae S. amnii,3,3,40,GCCGGTG,2012-07-24,551,SAMN03201838,SRX766647,8,19,SRR1660953,SRS750782,"Sequencing results for a mock community created by mixing equal amounts of DNA of {L. iners A. vaginae S. amnii } with barcode ID: 40, barcode: GCCGGTG, on plate: 3"
TRUTH4_1_A-1,DNA,L. crispatus L. iners,2,4,1,GAAGCTC,2012-07-25,537,SAMN03201839,SRX766648,10,23,SRR1660954,SRS750783,"Sequencing results for a mock community created by mixing equal amounts of DNA of {L. crispatus L. iners } with barcode ID: 1, barcode: GAAGCTC, on plate: 4"
TRUTH4_2_A-2,DNA,L. crispatus A. vaginae P. bivia,3,4,2,TCGCCTCT,2012-07-25,549,SAMN03201840,SRX766649,8,19,SRR1660955,SRS750781,"Sequencing results for a mock community created by mixing equal amounts of DNA of {L. crispatus A. vaginae P. bivia } with barcode ID: 2, barcode: TCGCCTCT, on plate: 4"
TRUTH4_3_A-3,DNA,L. crispatus L. iners P. bivia,3,4,3,TCCTCAGT,2012-07-25,543,SAMN03201841,SRX766650,9,20,SRR1660956,SRS750784,"Sequencing results for a mock community created by mixing equal amounts of DNA of {L. crispatus L. iners P. bivia } with barcode ID: 3, barcode: TCCTCAGT, on plate: 4"
TRUTH4_4_A-4,DNA,A. vaginae P. bivia S. amnii,3,4,4,CTATATGC,2012-07-25,557,SAMN03201842,SRX766651,13,29,SRR1660957,SRS750785,"Sequencing results for a mock community created by mixing equal amounts of DNA of {A. vaginae P. bivia S. amnii } with barcode ID: 4, barcode: CTATATGC, on plate: 4"
TRUTH4_5_A-5,DNA,L. crispatus S. amnii S. agalactiae,3,4,5,AGGCACAC,2012-07-25,560,SAMN03201843,SRX766652,9,20,SRR1660958,SRS750787,"Sequencing results for a mock community created by mixing equal amounts of DNA of {L. crispatus S. amnii S. agalactiae } with barcode ID: 5, barcode: AGGCACAC, on plate: 4"
TRUTH4_6_A-6,DNA,A. vaginae S. amnii,2,4,6,GATCAGGA,2012-07-25,559,SAMN03201844,SRX766653,13,29,SRR1660959,SRS750786,"Sequencing results for a mock community created by mixing equal amounts of DNA of {A. vaginae S. amnii } with barcode ID: 6, barcode: GATCAGGA, on plate: 4"
TRUTH4_7_A-7,DNA,G. vaginalis A. vaginae S. amnii,3,4,7,ACTATGCTT,2012-07-25,559,SAMN03201845,SRX766654,12,27,SRR1660960,SRS750788,"Sequencing results for a mock community created by mixing equal amounts of DNA of {G. vaginalis A. vaginae S. amnii } with barcode ID: 7, barcode: ACTATGCTT, on plate: 4"
TRUTH4_8_A-8,DNA,L. crispatus S. amnii,2,4,8,CGCGGCGTA,2012-07-25,557,SAMN03201846,SRX766655,11,24,SRR1660961,SRS750789,"Sequencing results for a mock community created by mixing equal amounts of DNA of {L. crispatus S. amnii } with barcode ID: 8, barcode: CGCGGCGTA, on plate: 4"
TRUTH4_9_A-9,DNA,L. crispatus L. iners S. agalactiae,3,4,9,CTGACATGT,2012-07-25,556,SAMN03201847,SRX766656,8,19,SRR1660962,SRS750790,"Sequencing results for a mock community created by mixing equal amounts of DNA of {L. crispatus L. iners S. agalactiae } with barcode ID: 9, barcode: CTGACATGT, on plate: 4"
TRUTH4_10_A-10,DNA,G. vaginalis P. bivia S. amnii,3,4,10,GCGTCGCGG,2012-07-25,561,SAMN03201848,SRX766657,9,19,SRR1660963,SRS750792,"Sequencing results for a mock community created by mixing equal amounts of DNA of {G. vaginalis P. bivia S. amnii } with barcode ID: 10, barcode: GCGTCGCGG, on plate: 4"
TRUTH4_11_A-11,DNA,L. iners,1,4,11,TCATTG,2012-07-25,533,SAMN03201849,SRX766658,7,16,SRR1660964,SRS750793,"Sequencing results for a mock community created by mixing equal amounts of DNA of {L. iners } with barcode ID: 11, barcode: TCATTG, on plate: 4"
TRUTH4_12_A-12,DNA,P. bivia S. amnii S. agalactiae,3,4,12,GTGTTCGAT,2012-07-25,563,SAMN03201850,SRX766659,10,23,SRR1660965,SRS750791,"Sequencing results for a mock community created by mixing equal amounts of DNA of {P. bivia S. amnii S. agalactiae } with barcode ID: 12, barcode: GTGTTCGAT, on plate: 4"
TRUTH4_13_A-13,DNA,L. iners P. bivia S. amnii,3,4,13,ACGAGC,2012-07-25,544,SAMN03201851,SRX766660,12,27,SRR1660966,SRS750796,"Sequencing results for a mock community created by mixing equal amounts of DNA of {L. iners P. bivia S. amnii } with barcode ID: 13, barcode: ACGAGC, on plate: 4"
TRUTH4_14_A-14,DNA,L. iners G. vaginalis S. amnii,3,4,14,ATCATC,2012-07-25,543,SAMN03201852,SRX766661,11,26,SRR1660967,SRS750794,"Sequencing results for a mock community created by mixing equal amounts of DNA of {L. iners G. vaginalis S. amnii } with barcode ID: 14, barcode: ATCATC, on plate: 4"
TRUTH4_15_A-15,DNA,G. vaginalis A. vaginae S. agalactiae,3,4,15,TATGAC,2012-07-25,554,SAMN03201853,SRX766662,10,23,SRR1660968,SRS750797,"Sequencing results for a mock community created by mixing equal amounts of DNA of {G. vaginalis A. vaginae S. agalactiae } with barcode ID: 15, barcode: TATGAC, on plate: 4"
TRUTH4_16_A-16,DNA,L. iners A. vaginae,2,4,16,GAATAC,2012-07-25,537,SAMN03201854,SRX766663,9,20,SRR1660969,SRS750795,"Sequencing results for a mock community created by mixing equal amounts of DNA of {L. iners A. vaginae } with barcode ID: 16, barcode: GAATAC, on plate: 4"
TRUTH4_17_A-17,DNA,G. vaginalis A. vaginae,2,4,17,AGTCGT,2012-07-25,550,SAMN03201855,SRX766664,7,15,SRR1660970,SRS750801,"Sequencing results for a mock community created by mixing equal amounts of DNA of {G. vaginalis A. vaginae } with barcode ID: 17, barcode: AGTCGT, on plate: 4"
TRUTH4_18_A-18,DNA,L. iners P. bivia S. agalactiae,3,4,18,TAGTTAG,2012-07-25,546,SAMN03201856,SRX766665,6,13,SRR1660971,SRS750799,"Sequencing results for a mock community created by mixing equal amounts of DNA of {L. iners P. bivia S. agalactiae } with barcode ID: 18, barcode: TAGTTAG, on plate: 4"
TRUTH4_19_A-19,DNA,L. crispatus L. iners A. vaginae,3,4,19,CGGCGAG,2012-07-25,542,SAMN03201857,SRX766666,7,17,SRR1660972,SRS750800,"Sequencing results for a mock community created by mixing equal amounts of DNA of {L. crispatus L. iners A. vaginae } with barcode ID: 19, barcode: CGGCGAG, on plate: 4"
TRUTH4_20_A-20,DNA,L. iners S. agalactiae,2,4,20,TGTAATT,2012-07-25,549,SAMN03201858,SRX766667,10,22,SRR1660973,SRS750798,"Sequencing results for a mock community created by mixing equal amounts of DNA of {L. iners S. agalactiae } with barcode ID: 20, barcode: TGTAATT, on plate: 4"
TRUTH4_21_B-1,DNA,A. vaginae P. bivia,2,4,21,AGAGTGT,2012-07-25,549,SAMN03201859,SRX766668,10,23,SRR1660974,SRS750803,"Sequencing results for a mock community created by mixing equal amounts of DNA of {A. vaginae P. bivia } with barcode ID: 21, barcode: AGAGTGT, on plate: 4"
TRUTH4_22_B-2,DNA,L. crispatus L. iners S. amnii,3,4,22,CAAGAG,2012-07-25,545,SAMN03201860,SRX766669,11,25,SRR1660975,SRS750802,"Sequencing results for a mock community created by mixing equal amounts of DNA of {L. crispatus L. iners S. amnii } with barcode ID: 22, barcode: CAAGAG, on plate: 4"
TRUTH4_23_B-3,DNA,S. amnii,1,4,23,CGGATGA,2012-07-25,559,SAMN03201861,SRX766670,12,28,SRR1660976,SRS750804,"Sequencing results for a mock community created by mixing equal amounts of DNA of {S. amnii } with barcode ID: 23, barcode: CGGATGA, on plate: 4"
TRUTH4_24_B-4,DNA,G. vaginalis S. amnii S. agalactiae,3,4,24,ACCTACAT,2012-07-25,560,SAMN03201862,SRX766671,13,29,SRR1660977,SRS750805,"Sequencing results for a mock community created by mixing equal amounts of DNA of {G. vaginalis S. amnii S. agalactiae } with barcode ID: 24, barcode: ACCTACAT, on plate: 4"
TRUTH4_25_B-5,DNA,L. crispatus G. vaginalis A. vaginae,3,4,25,CTTAGCTC,2012-07-25,550,SAMN03201863,SRX766672,12,28,SRR1660978,SRS750806,"Sequencing results for a mock community created by mixing equal amounts of DNA of {L. crispatus G. vaginalis A. vaginae } with barcode ID: 25, barcode: CTTAGCTC, on plate: 4"
TRUTH4_26_B-6,DNA,L. crispatus G. vaginalis S. agalactiae,3,4,26,CAATCATA,2012-07-25,558,SAMN03201864,SRX766673,9,21,SRR1660979,SRS750807,"Sequencing results for a mock community created by mixing equal amounts of DNA of {L. crispatus G. vaginalis S. agalactiae } with barcode ID: 26, barcode: CAATCATA, on plate: 4"
TRUTH4_27_B-7,DNA,S. amnii S. agalactiae,2,4,27,AGCTGATA,2012-07-25,561,SAMN03201865,SRX766674,8,18,SRR1660980,SRS750808,"Sequencing results for a mock community created by mixing equal amounts of DNA of {S. amnii S. agalactiae } with barcode ID: 27, barcode: AGCTGATA, on plate: 4"
TRUTH4_28_B-8,DNA,L. iners G. vaginalis A. vaginae,3,4,28,ACTGCTAG,2012-07-25,543,SAMN03201866,SRX766675,10,23,SRR1660981,SRS750809,"Sequencing results for a mock community created by mixing equal amounts of DNA of {L. iners G. vaginalis A. vaginae } with barcode ID: 28, barcode: ACTGCTAG, on plate: 4"
TRUTH4_29_B-9,DNA,A. vaginae,1,4,29,AGACCAAGA,2012-07-25,545,SAMN03201867,SRX766676,10,24,SRR1660982,SRS750810,"Sequencing results for a mock community created by mixing equal amounts of DNA of {A. vaginae } with barcode ID: 29, barcode: AGACCAAGA, on plate: 4"
TRUTH4_30_B-10,DNA,G. vaginalis,1,4,30,TAATGTACT,2012-07-25,552,SAMN03201868,SRX766677,10,23,SRR1660983,SRS750811,"Sequencing results for a mock community created by mixing equal amounts of DNA of {G. vaginalis } with barcode ID: 30, barcode: TAATGTACT, on plate: 4"
TRUTH4_31_B-11,DNA,L. crispatus G. vaginalis P. bivia,3,4,31,GTAGGCATC,2012-07-25,551,SAMN03201869,SRX766678,9,22,SRR1660984,SRS750812,"Sequencing results for a mock community created by mixing equal amounts of DNA of {L. crispatus G. vaginalis P. bivia } with barcode ID: 31, barcode: GTAGGCATC, on plate: 4"
TRUTH4_32_B-12,DNA,L. iners S. amnii S. agalactiae,3,4,32,TAACTCAGG,2012-07-25,552,SAMN03201870,SRX766679,9,21,SRR1660985,SRS750813,"Sequencing results for a mock community created by mixing equal amounts of DNA of {L. iners S. amnii S. agalactiae } with barcode ID: 32, barcode: TAACTCAGG, on plate: 4"
TRUTH4_33_B-13,DNA,P. bivia,1,4,33,ATTGGA,2012-07-25,557,SAMN03201871,SRX766680,12,27,SRR1660986,SRS750814,"Sequencing results for a mock community created by mixing equal amounts of DNA of {P. bivia } with barcode ID: 33, barcode: ATTGGA, on plate: 4"
TRUTH4_34_B-14,DNA,L. crispatus P. bivia,2,4,34,GCTCCAGCA,2012-07-25,549,SAMN03201872,SRX766681,11,24,SRR1660987,SRS750815,"Sequencing results for a mock community created by mixing equal amounts of DNA of {L. crispatus P. bivia } with barcode ID: 34, barcode: GCTCCAGCA, on plate: 4"
TRUTH4_35_B-15,DNA,L. iners G. vaginalis P. bivia,3,4,35,TCTCGC,2012-07-25,537,SAMN03201873,SRX766682,10,23,SRR1660988,SRS750816,"Sequencing results for a mock community created by mixing equal amounts of DNA of {L. iners G. vaginalis P. bivia } with barcode ID: 35, barcode: TCTCGC, on plate: 4"
TRUTH4_36_B-16,DNA,L. crispatus A. vaginae S. amnii,3,4,36,AGCAAG,2012-07-25,556,SAMN03201874,SRX766683,10,22,SRR1660989,SRS750817,"Sequencing results for a mock community created by mixing equal amounts of DNA of {L. crispatus A. vaginae S. amnii } with barcode ID: 36, barcode: AGCAAG, on plate: 4"
TRUTH4_37_B-17,DNA,L. crispatus L. iners G. vaginalis A. vaginae P. bivia S. amnii S. agalactiae,7,4,37,GACGTAG,2012-07-25,552,SAMN03201875,SRX766684,6,13,SRR1660990,SRS750818,"Sequencing results for a mock community created by mixing equal amounts of DNA of {L. crispatus L. iners G. vaginalis A. vaginae P. bivia S. amnii S. agalactiae } with barcode ID: 37, barcode: GACGTAG, on plate: 4"
TRUTH4_38_B-18,DNA,S. agalactiae,1,4,38,CGTCTCA,2012-07-25,557,SAMN03201876,SRX766685,11,26,SRR1660991,SRS750819,"Sequencing results for a mock community created by mixing equal amounts of DNA of {S. agalactiae } with barcode ID: 38, barcode: CGTCTCA, on plate: 4"
TRUTH4_39_B-19,DNA,L. iners A. vaginae S. agalactiae,3,4,39,GTTACGC,2012-07-25,551,SAMN03201877,SRX766686,11,26,SRR1660992,SRS750820,"Sequencing results for a mock community created by mixing equal amounts of DNA of {L. iners A. vaginae S. agalactiae } with barcode ID: 39, barcode: GTTACGC, on plate: 4"
TRUTH4_40_B-20,DNA,L. crispatus S. agalactiae,2,4,40,GCCGGTG,2012-07-25,555,SAMN03201878,SRX766687,8,18,SRR1660993,SRS750821,"Sequencing results for a mock community created by mixing equal amounts of DNA of {L. crispatus S. agalactiae } with barcode ID: 40, barcode: GCCGGTG, on plate: 4"
TRUTH5_1_A-1,PCR Product,G. vaginalis A. vaginae S. agalactiae,3,5,1,GAAGCTC,2012-07-30,548,SAMN03201879,SRX766688,10,24,SRR1660994,SRS750822,"Sequencing results for a mock community created by mixing equal amounts of PCR Product of {G. vaginalis A. vaginae S. agalactiae } with barcode ID: 1, barcode: GAAGCTC, on plate: 5"
TRUTH5_2_A-2,PCR Product,L. iners A. vaginae S. agalactiae,3,5,2,TCGCCTCT,2012-07-30,540,SAMN03201880,SRX766689,7,15,SRR1660995,SRS750823,"Sequencing results for a mock community created by mixing equal amounts of PCR Product of {L. iners A. vaginae S. agalactiae } with barcode ID: 2, barcode: TCGCCTCT, on plate: 5"
TRUTH5_3_A-3,PCR Product,L. iners P. bivia S. agalactiae,3,5,3,TCCTCAGT,2012-07-30,546,SAMN03201881,SRX766690,8,18,SRR1660996,SRS750824,"Sequencing results for a mock community created by mixing equal amounts of PCR Product of {L. iners P. bivia S. agalactiae } with barcode ID: 3, barcode: TCCTCAGT, on plate: 5"
TRUTH5_4_A-4,PCR Product,L. iners S. amnii S. agalactiae,3,5,4,CTATATGC,2012-07-30,547,SAMN03201882,SRX766691,11,24,SRR1660997,SRS750825,"Sequencing results for a mock community created by mixing equal amounts of PCR Product of {L. iners S. amnii S. agalactiae } with barcode ID: 4, barcode: CTATATGC, on plate: 5"
TRUTH5_5_A-5,PCR Product,L. crispatus A. vaginae S. amnii,3,5,5,AGGCACAC,2012-07-30,551,SAMN03201883,SRX766692,9,21,SRR1660998,SRS750826,"Sequencing results for a mock community created by mixing equal amounts of PCR Product of {L. crispatus A. vaginae S. amnii } with barcode ID: 5, barcode: AGGCACAC, on plate: 5"
TRUTH5_6_A-6,PCR Product,L. crispatus L. iners G. vaginalis A. vaginae P. bivia S. amnii S. agalactiae,7,5,6,GATCAGGA,2012-07-30,549,SAMN03201884,SRX766693,10,24,SRR1660999,SRS750827,"Sequencing results for a mock community created by mixing equal amounts of PCR Product of {L. crispatus L. iners G. vaginalis A. vaginae P. bivia S. amnii S. agalactiae } with barcode ID: 6, barcode: GATCAGGA, on plate: 5"
TRUTH5_7_A-7,PCR Product,A. vaginae S. agalactiae,2,5,7,ACTATGCTT,2012-07-30,551,SAMN03201885,SRX766694,9,20,SRR1661000,SRS750828,"Sequencing results for a mock community created by mixing equal amounts of PCR Product of {A. vaginae S. agalactiae } with barcode ID: 7, barcode: ACTATGCTT, on plate: 5"
TRUTH5_8_A-8,PCR Product,G. vaginalis P. bivia,2,5,8,CGCGGCGTA,2012-07-30,552,SAMN03201886,SRX766695,13,28,SRR1661001,SRS750829,"Sequencing results for a mock community created by mixing equal amounts of PCR Product of {G. vaginalis P. bivia } with barcode ID: 8, barcode: CGCGGCGTA, on plate: 5"
TRUTH5_9_A-9,PCR Product,L. iners S. amnii,2,5,9,CTGACATGT,2012-07-30,546,SAMN03201887,SRX766696,8,18,SRR1661002,SRS750830,"Sequencing results for a mock community created by mixing equal amounts of PCR Product of {L. iners S. amnii } with barcode ID: 9, barcode: CTGACATGT, on plate: 5"
TRUTH5_10_A-10,PCR Product,L. crispatus L. iners G. vaginalis,3,5,10,GCGTCGCGG,2012-07-30,539,SAMN03201888,SRX766697,8,19,SRR1661003,SRS750831,"Sequencing results for a mock community created by mixing equal amounts of PCR Product of {L. crispatus L. iners G. vaginalis } with barcode ID: 10, barcode: GCGTCGCGG, on plate: 5"
TRUTH5_11_A-11,PCR Product,G. vaginalis S. amnii S. agalactiae,3,5,11,TCATTG,2012-07-30,551,SAMN03201889,SRX766698,8,18,SRR1661004,SRS750832,"Sequencing results for a mock community created by mixing equal amounts of PCR Product of {G. vaginalis S. amnii S. agalactiae } with barcode ID: 11, barcode: TCATTG, on plate: 5"
TRUTH5_12_A-12,PCR Product,L. crispatus,1,5,12,GTGTTCGAT,2012-07-30,547,SAMN03201890,SRX766699,12,27,SRR1661005,SRS750833,"Sequencing results for a mock community created by mixing equal amounts of PCR Product of {L. crispatus } with barcode ID: 12, barcode: GTGTTCGAT, on plate: 5"
TRUTH5_13_A-13,PCR Product,L. crispatus S. amnii,2,5,13,ACGAGC,2012-07-30,547,SAMN03201891,SRX766700,12,28,SRR1661006,SRS750834,"Sequencing results for a mock community created by mixing equal amounts of PCR Product of {L. crispatus S. amnii } with barcode ID: 13, barcode: ACGAGC, on plate: 5"
TRUTH5_14_A-14,PCR Product,P. bivia S. amnii,2,5,14,ATCATC,2012-07-30,552,SAMN03201892,SRX766701,14,32,SRR1661007,SRS750835,"Sequencing results for a mock community created by mixing equal amounts of PCR Product of {P. bivia S. amnii } with barcode ID: 14, barcode: ATCATC, on plate: 5"
TRUTH5_15_A-15,PCR Product,L. crispatus G. vaginalis,2,5,15,TATGAC,2012-07-30,545,SAMN03201893,SRX766702,10,22,SRR1661008,SRS750836,"Sequencing results for a mock community created by mixing equal amounts of PCR Product of {L. crispatus G. vaginalis } with barcode ID: 15, barcode: TATGAC, on plate: 5"
TRUTH5_16_A-16,PCR Product,G. vaginalis S. amnii,2,5,16,GAATAC,2012-07-30,554,SAMN03201894,SRX766703,10,22,SRR1661009,SRS750837,"Sequencing results for a mock community created by mixing equal amounts of PCR Product of {G. vaginalis S. amnii } with barcode ID: 16, barcode: GAATAC, on plate: 5"
TRUTH5_17_A-17,PCR Product,L. crispatus G. vaginalis S. amnii,3,5,17,AGTCGT,2012-07-30,553,SAMN03201895,SRX766704,7,15,SRR1661010,SRS750838,"Sequencing results for a mock community created by mixing equal amounts of PCR Product of {L. crispatus G. vaginalis S. amnii } with barcode ID: 17, barcode: AGTCGT, on plate: 5"
TRUTH5_18_A-18,PCR Product,L. iners P. bivia,2,5,18,TAGTTAG,2012-07-30,539,SAMN03201896,SRX766705,8,19,SRR1661011,SRS750839,"Sequencing results for a mock community created by mixing equal amounts of PCR Product of {L. iners P. bivia } with barcode ID: 18, barcode: TAGTTAG, on plate: 5"
TRUTH5_19_A-19,PCR Product,L. crispatus A. vaginae,2,5,19,CGGCGAG,2012-07-30,546,SAMN03201897,SRX766706,8,18,SRR1661012,SRS750840,"Sequencing results for a mock community created by mixing equal amounts of PCR Product of {L. crispatus A. vaginae } with barcode ID: 19, barcode: CGGCGAG, on plate: 5"
TRUTH5_20_A-20,PCR Product,L. crispatus A. vaginae S. agalactiae,3,5,20,TGTAATT,2012-07-30,548,SAMN03201898,SRX766707,14,30,SRR1661013,SRS750841,"Sequencing results for a mock community created by mixing equal amounts of PCR Product of {L. crispatus A. vaginae S. agalactiae } with barcode ID: 20, barcode: TGTAATT, on plate: 5"
TRUTH5_21_B-1,PCR Product,S. agalactiae,1,5,21,AGAGTGT,2012-07-30,553,SAMN03201899,SRX766708,8,19,SRR1661014,SRS750842,"Sequencing results for a mock community created by mixing equal amounts of PCR Product of {S. agalactiae } with barcode ID: 21, barcode: AGAGTGT, on plate: 5"
TRUTH5_22_B-2,PCR Product,L. crispatus S. agalactiae,2,5,22,CAAGAG,2012-07-30,546,SAMN03201900,SRX766709,13,30,SRR1661015,SRS750843,"Sequencing results for a mock community created by mixing equal amounts of PCR Product of {L. crispatus S. agalactiae } with barcode ID: 22, barcode: CAAGAG, on plate: 5"
TRUTH5_23_B-3,PCR Product,G. vaginalis S. agalactiae,2,5,23,CGGATGA,2012-07-30,550,SAMN03201901,SRX766710,11,25,SRR1661016,SRS750844,"Sequencing results for a mock community created by mixing equal amounts of PCR Product of {G. vaginalis S. agalactiae } with barcode ID: 23, barcode: CGGATGA, on plate: 5"
TRUTH5_24_B-4,PCR Product,L. crispatus P. bivia S. agalactiae,3,5,24,ACCTACAT,2012-07-30,552,SAMN03201902,SRX766711,7,17,SRR1661017,SRS750845,"Sequencing results for a mock community created by mixing equal amounts of PCR Product of {L. crispatus P. bivia S. agalactiae } with barcode ID: 24, barcode: ACCTACAT, on plate: 5"
TRUTH5_25_B-5,PCR Product,P. bivia S. agalactiae,2,5,25,CTTAGCTC,2012-07-30,556,SAMN03201903,SRX766712,13,30,SRR1661018,SRS750846,"Sequencing results for a mock community created by mixing equal amounts of PCR Product of {P. bivia S. agalactiae } with barcode ID: 25, barcode: CTTAGCTC, on plate: 5"
TRUTH5_26_B-6,PCR Product,A. vaginae,1,5,26,CAATCATA,2012-07-30,546,SAMN03201904,SRX766713,14,31,SRR1661019,SRS750847,"Sequencing results for a mock community created by mixing equal amounts of PCR Product of {A. vaginae } with barcode ID: 26, barcode: CAATCATA, on plate: 5"
TRUTH5_27_B-7,PCR Product,L. iners A. vaginae P. bivia,3,5,27,AGCTGATA,2012-07-30,543,SAMN03201905,SRX766714,9,20,SRR1661020,SRS750848,"Sequencing results for a mock community created by mixing equal amounts of PCR Product of {L. iners A. vaginae P. bivia } with barcode ID: 27, barcode: AGCTGATA, on plate: 5"
TRUTH5_28_B-8,PCR Product,L. crispatus L. iners,2,5,28,ACTGCTAG,2012-07-30,536,SAMN03201906,SRX766715,16,35,SRR1661021,SRS750849,"Sequencing results for a mock community created by mixing equal amounts of PCR Product of {L. crispatus L. iners } with barcode ID: 28, barcode: ACTGCTAG, on plate: 5"
TRUTH5_29_B-9,PCR Product,L. iners G. vaginalis P. bivia S. amnii,4,5,29,AGACCAAGA,2012-07-30,545,SAMN03201907,SRX766716,10,23,SRR1661022,SRS750850,"Sequencing results for a mock community created by mixing equal amounts of PCR Product of {L. iners G. vaginalis P. bivia S. amnii } with barcode ID: 29, barcode: AGACCAAGA, on plate: 5"
TRUTH5_30_B-10,PCR Product,L. iners G. vaginalis,2,5,30,TAATGTACT,2012-07-30,536,SAMN03201908,SRX766717,15,33,SRR1661023,SRS750851,"Sequencing results for a mock community created by mixing equal amounts of PCR Product of {L. iners G. vaginalis } with barcode ID: 30, barcode: TAATGTACT, on plate: 5"
TRUTH5_31_B-11,PCR Product,L. crispatus G. vaginalis A. vaginae,3,5,31,GTAGGCATC,2012-07-30,544,SAMN03201909,SRX766718,10,23,SRR1661024,SRS750852,"Sequencing results for a mock community created by mixing equal amounts of PCR Product of {L. crispatus G. vaginalis A. vaginae } with barcode ID: 31, barcode: GTAGGCATC, on plate: 5"
TRUTH5_32_B-12,PCR Product,L. iners A. vaginae S. amnii,3,5,32,TAACTCAGG,2012-07-30,541,SAMN03201910,SRX766719,10,24,SRR1661025,SRS750854,"Sequencing results for a mock community created by mixing equal amounts of PCR Product of {L. iners A. vaginae S. amnii } with barcode ID: 32, barcode: TAACTCAGG, on plate: 5"
TRUTH5_33_B-13,PCR Product,A. vaginae P. bivia S. agalactiae,3,5,33,ATTGGA,2012-07-30,551,SAMN03201911,SRX766720,12,26,SRR1661026,SRS750853,"Sequencing results for a mock community created by mixing equal amounts of PCR Product of {A. vaginae P. bivia S. agalactiae } with barcode ID: 33, barcode: ATTGGA, on plate: 5"
TRUTH5_34_B-14,PCR Product,A. vaginae P. bivia,2,5,34,GCTCCAGCA,2012-07-30,548,SAMN03201912,SRX766721,8,19,SRR1661027,SRS750855,"Sequencing results for a mock community created by mixing equal amounts of PCR Product of {A. vaginae P. bivia } with barcode ID: 34, barcode: GCTCCAGCA, on plate: 5"
TRUTH5_35_B-15,PCR Product,L. crispatus G. vaginalis P. bivia,3,5,35,TCTCGC,2012-07-30,547,SAMN03201913,SRX766722,12,27,SRR1661028,SRS750858,"Sequencing results for a mock community created by mixing equal amounts of PCR Product of {L. crispatus G. vaginalis P. bivia } with barcode ID: 35, barcode: TCTCGC, on plate: 5"
TRUTH5_36_B-16,PCR Product,G. vaginalis A. vaginae P. bivia,3,5,36,AGCAAG,2012-07-30,549,SAMN03201914,SRX766723,11,25,SRR1661029,SRS750856,"Sequencing results for a mock community created by mixing equal amounts of PCR Product of {G. vaginalis A. vaginae P. bivia } with barcode ID: 36, barcode: AGCAAG, on plate: 5"
TRUTH5_37_B-17,PCR Product,L. iners G. vaginalis S. agalactiae,3,5,37,GACGTAG,2012-07-30,542,SAMN03201915,SRX766724,4,10,SRR1661030,SRS750857,"Sequencing results for a mock community created by mixing equal amounts of PCR Product of {L. iners G. vaginalis S. agalactiae } with barcode ID: 37, barcode: GACGTAG, on plate: 5"
TRUTH5_38_B-18,PCR Product,L. crispatus P. bivia S. amnii,3,5,38,CGTCTCA,2012-07-30,551,SAMN03201916,SRX766725,10,23,SRR1661031,SRS750859,"Sequencing results for a mock community created by mixing equal amounts of PCR Product of {L. crispatus P. bivia S. amnii } with barcode ID: 38, barcode: CGTCTCA, on plate: 5"
TRUTH5_39_B-19,PCR Product,G. vaginalis P. bivia S. agalactiae,3,5,39,GTTACGC,2012-07-30,554,SAMN03201917,SRX766726,12,26,SRR1661032,SRS750860,"Sequencing results for a mock community created by mixing equal amounts of PCR Product of {G. vaginalis P. bivia S. agalactiae } with barcode ID: 39, barcode: GTTACGC, on plate: 5"
TRUTH5_40_B-20,PCR Product,A. vaginae S. amnii S. agalactiae,3,5,40,GCCGGTG,2012-07-30,550,SAMN03201918,SRX766727,8,18,SRR1661033,SRS750861,"Sequencing results for a mock community created by mixing equal amounts of PCR Product of {A. vaginae S. amnii S. agalactiae } with barcode ID: 40, barcode: GCCGGTG, on plate: 5"
TRUTH6_1_A-1,PCR Product,L. crispatus L. iners G. vaginalis A. vaginae P. bivia S. amnii S. agalactiae,7,6,1,GAAGCTC,2012-07-31,548,SAMN03201919,SRX766728,10,23,SRR1661034,SRS750863,"Sequencing results for a mock community created by mixing equal amounts of PCR Product of {L. crispatus L. iners G. vaginalis A. vaginae P. bivia S. amnii S. agalactiae } with barcode ID: 1, barcode: GAAGCTC, on plate: 6"
TRUTH6_2_A-2,PCR Product,L. crispatus A. vaginae S. amnii,3,6,2,TCGCCTCT,2012-07-31,551,SAMN03201920,SRX766729,10,22,SRR1661035,SRS750862,"Sequencing results for a mock community created by mixing equal amounts of PCR Product of {L. crispatus A. vaginae S. amnii } with barcode ID: 2, barcode: TCGCCTCT, on plate: 6"
TRUTH6_3_A-3,PCR Product,G. vaginalis A. vaginae S. amnii,3,6,3,TCCTCAGT,2012-07-31,554,SAMN03201921,SRX766730,9,21,SRR1661036,SRS750864,"Sequencing results for a mock community created by mixing equal amounts of PCR Product of {G. vaginalis A. vaginae S. amnii } with barcode ID: 3, barcode: TCCTCAGT, on plate: 6"
TRUTH6_4_A-4,PCR Product,L. crispatus G. vaginalis A. vaginae,3,6,4,CTATATGC,2012-07-31,546,SAMN03201922,SRX766731,15,33,SRR1661037,SRS750866,"Sequencing results for a mock community created by mixing equal amounts of PCR Product of {L. crispatus G. vaginalis A. vaginae } with barcode ID: 4, barcode: CTATATGC, on plate: 6"
TRUTH6_5_A-5,PCR Product,L. crispatus L. iners A. vaginae,3,6,5,AGGCACAC,2012-07-31,538,SAMN03201923,SRX766732,7,16,SRR1661038,SRS750865,"Sequencing results for a mock community created by mixing equal amounts of PCR Product of {L. crispatus L. iners A. vaginae } with barcode ID: 5, barcode: AGGCACAC, on plate: 6"
TRUTH6_6_A-6,PCR Product,A. vaginae P. bivia S. amnii,3,6,6,GATCAGGA,2012-07-31,558,SAMN03201924,SRX766733,12,28,SRR1661039,SRS750867,"Sequencing results for a mock community created by mixing equal amounts of PCR Product of {A. vaginae P. bivia S. amnii } with barcode ID: 6, barcode: GATCAGGA, on plate: 6"
TRUTH6_7_A-7,PCR Product,L. iners S. amnii S. agalactiae,3,6,7,ACTATGCTT,2012-07-31,550,SAMN03201925,SRX766734,10,22,SRR1661040,SRS750869,"Sequencing results for a mock community created by mixing equal amounts of PCR Product of {L. iners S. amnii S. agalactiae } with barcode ID: 7, barcode: ACTATGCTT, on plate: 6"
TRUTH6_8_A-8,PCR Product,L. crispatus G. vaginalis S. agalactiae,3,6,8,CGCGGCGTA,2012-07-31,552,SAMN03201926,SRX766735,14,31,SRR1661041,SRS750868,"Sequencing results for a mock community created by mixing equal amounts of PCR Product of {L. crispatus G. vaginalis S. agalactiae } with barcode ID: 8, barcode: CGCGGCGTA, on plate: 6"
TRUTH6_9_A-9,PCR Product,G. vaginalis P. bivia S. amnii,3,6,9,CTGACATGT,2012-07-31,562,SAMN03201927,SRX766736,9,20,SRR1661042,SRS750870,"Sequencing results for a mock community created by mixing equal amounts of PCR Product of {G. vaginalis P. bivia S. amnii } with barcode ID: 9, barcode: CTGACATGT, on plate: 6"
TRUTH6_10_A-10,PCR Product,L. iners G. vaginalis S. amnii,3,6,10,GCGTCGCGG,2012-07-31,549,SAMN03201928,SRX766737,11,26,SRR1661043,SRS750871,"Sequencing results for a mock community created by mixing equal amounts of PCR Product of {L. iners G. vaginalis S. amnii } with barcode ID: 10, barcode: GCGTCGCGG, on plate: 6"
TRUTH6_11_A-11,PCR Product,S. amnii,1,6,11,TCATTG,2012-07-31,561,SAMN03201929,SRX766738,12,26,SRR1661044,SRS750872,"Sequencing results for a mock community created by mixing equal amounts of PCR Product of {S. amnii } with barcode ID: 11, barcode: TCATTG, on plate: 6"
TRUTH6_12_A-12,PCR Product,L. crispatus G. vaginalis P. bivia,3,6,12,GTGTTCGAT,2012-07-31,553,SAMN03201930,SRX766739,11,25,SRR1661045,SRS750874,"Sequencing results for a mock community created by mixing equal amounts of PCR Product of {L. crispatus G. vaginalis P. bivia } with barcode ID: 12, barcode: GTGTTCGAT, on plate: 6"
TRUTH6_13_A-13,PCR Product,P. bivia S. amnii S. agalactiae,3,6,13,ACGAGC,2012-07-31,557,SAMN03201931,SRX766740,13,30,SRR1661046,SRS750873,"Sequencing results for a mock community created by mixing equal amounts of PCR Product of {P. bivia S. amnii S. agalactiae } with barcode ID: 13, barcode: ACGAGC, on plate: 6"
TRUTH6_14_A-14,PCR Product,L. crispatus A. vaginae P. bivia,3,6,14,ATCATC,2012-07-31,546,SAMN03201932,SRX766741,10,24,SRR1661047,SRS750875,"Sequencing results for a mock community created by mixing equal amounts of PCR Product of {L. crispatus A. vaginae P. bivia } with barcode ID: 14, barcode: ATCATC, on plate: 6"
TRUTH6_15_A-15,PCR Product,G. vaginalis S. amnii S. agalactiae,3,6,15,TATGAC,2012-07-31,559,SAMN03201933,SRX766742,10,23,SRR1661048,SRS750876,"Sequencing results for a mock community created by mixing equal amounts of PCR Product of {G. vaginalis S. amnii S. agalactiae } with barcode ID: 15, barcode: TATGAC, on plate: 6"
TRUTH6_16_A-16,PCR Product,L. crispatus S. agalactiae,2,6,16,GAATAC,2012-07-31,551,SAMN03201934,SRX766743,10,22,SRR1661049,SRS750877,"Sequencing results for a mock community created by mixing equal amounts of PCR Product of {L. crispatus S. agalactiae } with barcode ID: 16, barcode: GAATAC, on plate: 6"
TRUTH6_17_A-17,PCR Product,L. crispatus L. iners,2,6,17,AGTCGT,2012-07-31,537,SAMN03201935,SRX766744,5,11,SRR1661050,SRS750878,"Sequencing results for a mock community created by mixing equal amounts of PCR Product of {L. crispatus L. iners } with barcode ID: 17, barcode: AGTCGT, on plate: 6"
TRUTH6_18_A-18,PCR Product,L. iners G. vaginalis A. vaginae,3,6,18,TAGTTAG,2012-07-31,538,SAMN03201936,SRX766745,5,12,SRR1661051,SRS750879,"Sequencing results for a mock community created by mixing equal amounts of PCR Product of {L. iners G. vaginalis A. vaginae } with barcode ID: 18, barcode: TAGTTAG, on plate: 6"
TRUTH6_19_A-19,PCR Product,A. vaginae,1,6,19,CGGCGAG,2012-07-31,548,SAMN03201937,SRX766746,8,19,SRR1661052,SRS750880,"Sequencing results for a mock community created by mixing equal amounts of PCR Product of {A. vaginae } with barcode ID: 19, barcode: CGGCGAG, on plate: 6"
TRUTH6_20_A-20,PCR Product,L. crispatus S. amnii,2,6,20,TGTAATT,2012-07-31,556,SAMN03201938,SRX766747,12,26,SRR1661053,SRS750881,"Sequencing results for a mock community created by mixing equal amounts of PCR Product of {L. crispatus S. amnii } with barcode ID: 20, barcode: TGTAATT, on plate: 6"
TRUTH6_21_B-1,PCR Product,L. iners,1,6,21,AGAGTGT,2012-07-31,530,SAMN03201939,SRX766748,6,14,SRR1661054,SRS750882,"Sequencing results for a mock community created by mixing equal amounts of PCR Product of {L. iners } with barcode ID: 21, barcode: AGAGTGT, on plate: 6"
TRUTH6_22_B-2,PCR Product,S. amnii S. agalactiae,2,6,22,CAAGAG,2012-07-31,558,SAMN03201940,SRX766749,14,32,SRR1661055,SRS750883,"Sequencing results for a mock community created by mixing equal amounts of PCR Product of {S. amnii S. agalactiae } with barcode ID: 22, barcode: CAAGAG, on plate: 6"
TRUTH6_23_B-3,PCR Product,L. crispatus L. iners S. agalactiae,3,6,23,CGGATGA,2012-07-31,540,SAMN03201941,SRX766750,11,24,SRR1661056,SRS750884,"Sequencing results for a mock community created by mixing equal amounts of PCR Product of {L. crispatus L. iners S. agalactiae } with barcode ID: 23, barcode: CGGATGA, on plate: 6"
TRUTH6_24_B-4,PCR Product,L. iners A. vaginae S. agalactiae,3,6,24,ACCTACAT,2012-07-31,546,SAMN03201942,SRX766751,8,19,SRR1661057,SRS750885,"Sequencing results for a mock community created by mixing equal amounts of PCR Product of {L. iners A. vaginae S. agalactiae } with barcode ID: 24, barcode: ACCTACAT, on plate: 6"
TRUTH6_25_B-5,PCR Product,L. iners A. vaginae,2,6,25,CTTAGCTC,2012-07-31,539,SAMN03201943,SRX766752,9,22,SRR1661058,SRS750886,"Sequencing results for a mock community created by mixing equal amounts of PCR Product of {L. iners A. vaginae } with barcode ID: 25, barcode: CTTAGCTC, on plate: 6"
TRUTH6_26_B-6,PCR Product,L. crispatus L. iners S. amnii,3,6,26,CAATCATA,2012-07-31,547,SAMN03201944,SRX766753,10,22,SRR1661059,SRS750887,"Sequencing results for a mock community created by mixing equal amounts of PCR Product of {L. crispatus L. iners S. amnii } with barcode ID: 26, barcode: CAATCATA, on plate: 6"
TRUTH6_27_B-7,PCR Product,G. vaginalis A. vaginae S. agalactiae,3,6,27,AGCTGATA,2012-07-31,553,SAMN03201945,SRX766754,8,17,SRR1661060,SRS750888,"Sequencing results for a mock community created by mixing equal amounts of PCR Product of {G. vaginalis A. vaginae S. agalactiae } with barcode ID: 27, barcode: AGCTGATA, on plate: 6"
TRUTH6_28_B-8,PCR Product,L. iners P. bivia S. amnii,3,6,28,ACTGCTAG,2012-07-31,553,SAMN03201946,SRX766755,14,32,SRR1661061,SRS750889,"Sequencing results for a mock community created by mixing equal amounts of PCR Product of {L. iners P. bivia S. amnii } with barcode ID: 28, barcode: ACTGCTAG, on plate: 6"
TRUTH6_29_B-9,PCR Product,L. iners P. bivia S. agalactiae,3,6,29,AGACCAAGA,2012-07-31,548,SAMN03201947,SRX766756,9,20,SRR1661062,SRS750890,"Sequencing results for a mock community created by mixing equal amounts of PCR Product of {L. iners P. bivia S. agalactiae } with barcode ID: 29, barcode: AGACCAAGA, on plate: 6"
TRUTH6_30_B-10,PCR Product,L. crispatus L. iners P. bivia,3,6,30,TAATGTACT,2012-07-31,547,SAMN03201948,SRX766757,10,22,SRR1661063,SRS750892,"Sequencing results for a mock community created by mixing equal amounts of PCR Product of {L. crispatus L. iners P. bivia } with barcode ID: 30, barcode: TAATGTACT, on plate: 6"
TRUTH6_31_B-11,PCR Product,A. vaginae P. bivia,2,6,31,GTAGGCATC,2012-07-31,553,SAMN03201949,SRX766758,13,29,SRR1661064,SRS750891,"Sequencing results for a mock community created by mixing equal amounts of PCR Product of {A. vaginae P. bivia } with barcode ID: 31, barcode: GTAGGCATC, on plate: 6"
TRUTH6_32_B-12,PCR Product,P. bivia,1,6,32,TAACTCAGG,2012-07-31,555,SAMN03201950,SRX766759,12,27,SRR1661065,SRS750893,"Sequencing results for a mock community created by mixing equal amounts of PCR Product of {P. bivia } with barcode ID: 32, barcode: TAACTCAGG, on plate: 6"
TRUTH6_33_B-13,PCR Product,L. crispatus S. amnii S. agalactiae,3,6,33,ATTGGA,2012-07-31,553,SAMN03201951,SRX766760,9,21,SRR1661066,SRS750894,"Sequencing results for a mock community created by mixing equal amounts of PCR Product of {L. crispatus S. amnii S. agalactiae } with barcode ID: 33, barcode: ATTGGA, on plate: 6"
TRUTH6_34_B-14,PCR Product,L. iners S. agalactiae,2,6,34,GCTCCAGCA,2012-07-31,543,SAMN03201952,SRX766761,8,19,SRR1661067,SRS750895,"Sequencing results for a mock community created by mixing equal amounts of PCR Product of {L. iners S. agalactiae } with barcode ID: 34, barcode: GCTCCAGCA, on plate: 6"
TRUTH6_35_B-15,PCR Product,A. vaginae S. amnii,2,6,35,TCTCGC,2012-07-31,553,SAMN03201953,SRX766762,11,26,SRR1661068,SRS750896,"Sequencing results for a mock community created by mixing equal amounts of PCR Product of {A. vaginae S. amnii } with barcode ID: 35, barcode: TCTCGC, on plate: 6"
TRUTH6_36_B-16,PCR Product,L. crispatus P. bivia,2,6,36,AGCAAG,2012-07-31,552,SAMN03201954,SRX766763,8,18,SRR1661069,SRS750897,"Sequencing results for a mock community created by mixing equal amounts of PCR Product of {L. crispatus P. bivia } with barcode ID: 36, barcode: AGCAAG, on plate: 6"
TRUTH6_37_B-17,PCR Product,G. vaginalis A. vaginae,2,6,37,GACGTAG,2012-07-31,549,SAMN03201955,SRX766764,6,13,SRR1661070,SRS750898,"Sequencing results for a mock community created by mixing equal amounts of PCR Product of {G. vaginalis A. vaginae } with barcode ID: 37, barcode: GACGTAG, on plate: 6"
TRUTH6_38_B-18,PCR Product,G. vaginalis,1,6,38,CGTCTCA,2012-07-31,549,SAMN03201956,SRX766765,13,29,SRR1661071,SRS750899,"Sequencing results for a mock community created by mixing equal amounts of PCR Product of {G. vaginalis } with barcode ID: 38, barcode: CGTCTCA, on plate: 6"
TRUTH6_39_B-19,PCR Product,S. agalactiae,1,6,39,GTTACGC,2012-07-31,560,SAMN03201957,SRX766766,22,49,SRR1661072,SRS750900,"Sequencing results for a mock community created by mixing equal amounts of PCR Product of {S. agalactiae } with barcode ID: 39, barcode: GTTACGC, on plate: 6"
TRUTH6_40_B-20,PCR Product,L. iners G. vaginalis P. bivia,3,6,40,GCCGGTG,2012-07-31,542,SAMN03201958,SRX766767,6,14,SRR1661073,SRS750901,"Sequencing results for a mock community created by mixing equal amounts of PCR Product of {L. iners G. vaginalis P. bivia } with barcode ID: 40, barcode: GCCGGTG, on plate: 6"
